"gene","ensembl_id","stat","log2FoldChange"
"GREB1","ENSG00000196208",2.45230680089496e-72,2.06351144034197
"TFF1","ENSG00000160182",5.12058622298299e-46,1.56435186436667
"PRR11","ENSG00000068489",1.20542039794885e-20,1.27693377879449
"KRT15","ENSG00000171346",6.84457286396079e-19,1.55385645466769
"CALCR","ENSG00000004948",4.41311721165077e-18,1.3081713673739
"TPD52L1","ENSG00000111907",2.76050363508222e-16,0.816468639871655
"NPY1R","ENSG00000164128",2.4131728267255e-15,0.727016808623125
"CDK1","ENSG00000170312",1.34714079578967e-13,1.43495766526155
"CELSR2","ENSG00000143126",1.34714079578967e-13,0.952848425091227
"SFXN2","ENSG00000156398",3.30649808511958e-13,2.13480405088379
"RPS4X","ENSG00000198034",5.15309104118467e-11,0.78761925129711
"POGLUT3","ENSG00000178202",5.98230974131222e-11,-1.30252363914445
"PREX1","ENSG00000124126",9.89414186657234e-11,0.96385685220125
"LMBR1","ENSG00000105983",1.2659409918916e-10,0.96287174228725
"AGR2","ENSG00000106541",3.16733927451094e-10,0.946574559387718
"LACTB","ENSG00000103642",4.41527842235533e-10,-0.611556385041568
"SDK2","ENSG00000069188",7.80726630122305e-10,2.21879907767905
"HMMR","ENSG00000072571",2.36874528344005e-09,1.16381763851434
"KYNU","ENSG00000115919",2.52955503303033e-09,-0.597186112902868
"ARL3","ENSG00000138175",3.0453440028603e-09,0.627885385756149
"H3C7","ENSG00000277775",3.47652568444252e-09,1.36004223817687
"RET","ENSG00000165731",4.32539997927112e-09,1.5993288552529
"LGALS3","ENSG00000131981",4.42677968092606e-09,-0.624223256416359
"XBP1","ENSG00000100219",6.45520474264857e-09,0.992184056293561
"TMED8","ENSG00000100580",7.59218737719334e-09,1.06936498302773
"ARHGAP11A","ENSG00000198826",8.37976797170187e-09,1.10488741107913
"TST","ENSG00000128311",1.03214884190105e-08,0.787921797052045
"CTSA","ENSG00000064601",5.33664790895394e-08,-0.461236358897028
"ABHD2","ENSG00000140526",1.17627831078578e-07,0.780897632963961
"BCAS1","ENSG00000064787",1.17627831078578e-07,-1.196145855587
"FAM107B","ENSG00000065809",1.25454508996898e-07,-0.755438434590515
"PRC1","ENSG00000198901",1.7152784438567e-07,1.26930511423406
"ID2","ENSG00000115738",1.95066791740664e-07,-0.677726229825227
"CBX6","ENSG00000183741",4.00724115267328e-07,-0.590464619231534
"ANLN","ENSG00000011426",4.12016347112068e-07,1.30567255663899
"KIAA0513","ENSG00000135709",4.12016347112068e-07,-0.69973597040551
"LMAN2","ENSG00000169223",4.34379278147824e-07,0.52559606768021
"CENPI","ENSG00000102384",7.62551275429135e-07,1.20776754230777
"HIF1A","ENSG00000100644",7.98283579003418e-07,0.750722674173292
"KIF20A","ENSG00000112984",1.02628760632458e-06,1.76893891303973
"ZFP36L2","ENSG00000152518",1.14018100776732e-06,-0.849277360439743
"H4C1","ENSG00000278637",1.19073987867247e-06,1.04105561282162
"PGR","ENSG00000082175",1.52864299930593e-06,1.4809401159066
"RPL12","ENSG00000197958",2.333136980409e-06,0.679923779311629
"NPNT","ENSG00000168743",3.06717402709576e-06,-0.608666569300305
"EPS15L1","ENSG00000127527",3.09660368570269e-06,0.675709832737926
"CLIP4","ENSG00000115295",4.22723137685534e-06,-0.864792796586251
"UBP1","ENSG00000153560",4.91622004303343e-06,-0.549753279859327
"KIF2C","ENSG00000142945",4.96228825931004e-06,1.55061788902332
"H2AC14","ENSG00000276368",5.25491721468151e-06,0.763510702448151
"H1-5","ENSG00000184357",5.33636248672984e-06,1.11601443157882
"TMEM164","ENSG00000157600",5.33636248672984e-06,1.60996349397847
"NMD3","ENSG00000169251",5.61316573891824e-06,0.388087094520096
"SALL4","ENSG00000101115",5.73738822762411e-06,-0.776327895004856
"RPL7A","ENSG00000148303",7.01895982757593e-06,0.687067077693601
"MYB","ENSG00000118513",7.15759835512726e-06,0.82881858847813
"PSCA","ENSG00000167653",7.84686170386092e-06,-0.811158793639827
"TENT5C","ENSG00000183508",8.12880502043125e-06,0.688720942874753
"GPSM2","ENSG00000121957",8.21381401820557e-06,0.692248029859603
"RPL9","ENSG00000163682",9.02623041652121e-06,0.562410624590786
"TYMS","ENSG00000176890",9.47070337340266e-06,0.696935445190307
"TPX2","ENSG00000088325",9.4901573428056e-06,1.75865598848407
"ABAT","ENSG00000183044",9.4901573428056e-06,0.849691423300075
"SLC19A2","ENSG00000117479",1.00055570536059e-05,0.700352113584234
"RPS15","ENSG00000115268",1.16064955119514e-05,0.514501786948052
"KIF11","ENSG00000138160",1.22380174909291e-05,1.02685045585181
"PLEKHF2","ENSG00000175895",1.26644743856858e-05,-0.455748913845701
"MKI67","ENSG00000148773",1.26644743856858e-05,1.18132677932729
"COL12A1","ENSG00000111799",1.35713080252282e-05,0.708969092595998
"ARLN","ENSG00000164096",1.54641367116498e-05,-0.58872839768389
"CETN2","ENSG00000147400",1.7512511602616e-05,0.570382900030278
"BRD2","ENSG00000204256",1.91060857065176e-05,-0.605968541488124
"CCNB1","ENSG00000134057",1.96093841879575e-05,0.955505428033598
"IQGAP3","ENSG00000183856",2.07876112892577e-05,1.65551282065259
"DEPDC1","ENSG00000024526",2.07876112892577e-05,1.47668699181191
"TOP2A","ENSG00000131747",2.49505722082987e-05,1.6705508313548
"LMNB1","ENSG00000113368",2.56372803098138e-05,0.975802933917861
"CCNB2","ENSG00000157456",2.64179928183802e-05,1.13183602332905
"SQSTM1","ENSG00000161011",3.0230904767019e-05,-0.463778188557528
"ANXA2","ENSG00000182718",3.0230904767019e-05,-0.363768131638129
"SYTL2","ENSG00000137501",3.03022596397785e-05,-0.552972414801313
"TMEM120B","ENSG00000188735",3.07443209593263e-05,1.11801367147193
"CEP55","ENSG00000138180",3.36545859431066e-05,1.33942690899343
"HMGB2","ENSG00000164104",3.36545859431066e-05,0.830595649050811
"SLC7A5","ENSG00000103257",3.47653988771445e-05,0.466379848805807
"INSIG1","ENSG00000186480",3.67366152404127e-05,0.512329445213386
"OTUD1","ENSG00000165312",3.68869379188444e-05,-0.630031083143091
"TBC1D9","ENSG00000109436",3.7810903381671e-05,-0.510546117824567
"ATG101","ENSG00000123395",3.79569165641989e-05,0.716734337003031
"YPEL3","ENSG00000090238",3.83646389475931e-05,-0.45017039755529
"MUC5B","ENSG00000117983",4.27284440588726e-05,0.890446789158953
"DDA1","ENSG00000130311",4.52661411803031e-05,-0.576743948264885
"KRT81","ENSG00000205426",4.81161759598032e-05,-0.537607136847059
"RPL21","ENSG00000122026",5.34429305415108e-05,0.644222975805218
"FAM72A","ENSG00000196550",5.34429305415108e-05,1.21608580180895
"PDIA6","ENSG00000143870",5.39292688048128e-05,0.406765934875542
"RPL6","ENSG00000089009",6.30746077555784e-05,0.514997591102872
"TUBA1B","ENSG00000123416",6.66986249460712e-05,0.65168009350821
"STARD10","ENSG00000214530",6.73938370943344e-05,0.448797519446537
"KIF14","ENSG00000118193",7.01711955329771e-05,1.23029725350864
"SMAP1","ENSG00000112305",7.20986284125627e-05,-0.631351045602921
"UBAP2L","ENSG00000143569",7.68580057472318e-05,-0.510073830976429
"ACTG1","ENSG00000184009",9.77683738199369e-05,-0.366925731325558
"ELOB","ENSG00000103363",9.99171610411038e-05,0.41168058833094
"UBL5","ENSG00000198258",9.99171610411038e-05,0.491978352382454
"LCMT1","ENSG00000205629",9.99171610411038e-05,0.402489275318582
"NPIPB4","ENSG00000185864",9.99171610411038e-05,-0.509670844811067
"APOD","ENSG00000189058",0.000100775438768136,-1.0260461006377
"NCAPG","ENSG00000109805",0.000112142416836605,1.32497225799915
"ARID5B","ENSG00000150347",0.000119083163956096,-0.433942929576249
"NUSAP1","ENSG00000137804",0.000126282562309194,1.01582681774205
"CLMN","ENSG00000165959",0.000126282562309194,-0.687166547769783
"DCTPP1","ENSG00000179958",0.000127241138740914,0.564721777562762
"SCUBE2","ENSG00000175356",0.000128129346687399,0.657808987015618
"DYNLT3","ENSG00000165169",0.000139045443028992,0.580931347754571
"L1CAM","ENSG00000198910",0.000139045443028992,-0.473128778615166
"CDKN3","ENSG00000100526",0.000147195575578516,1.56394489659481
"KNSTRN","ENSG00000128944",0.000149927588685356,1.13612037593231
"BUB1","ENSG00000169679",0.000149927588685356,1.40908580028442
"HSP90AB1","ENSG00000096384",0.000161837492941014,0.368542558737277
"IMPDH2","ENSG00000178035",0.000161837492941014,0.579061228514692
"RPN1","ENSG00000163902",0.000161837492941014,0.384544163657692
"CDT1","ENSG00000167513",0.000165313996604889,1.05057455079111
"CD2AP","ENSG00000198087",0.000168141608437667,-0.926703208209722
"SMOC2","ENSG00000112562",0.000179417258441547,1.31777634708136
"BCLAF1","ENSG00000029363",0.000182449819888045,-0.406724891196447
"NULL","",0.000184974834271036,-0.387863771089521
"DHX15","ENSG00000109606",0.000194765189911747,-0.342717256598281
"MTA3","ENSG00000057935",0.000194765189911747,-0.610231746352285
"UCP2","ENSG00000175567",0.000216526394983319,0.450002914509918
"THG1L","ENSG00000113272",0.000238724541565136,0.665438758335339
"ASCL1","ENSG00000139352",0.000249224540262474,1.30395263456237
"RAPGEFL1","ENSG00000108352",0.000271752493156317,0.866533724872818
"FUBP1","ENSG00000162613",0.000271752493156317,0.520474413070256
"CENPN","ENSG00000166451",0.000272030252590388,0.671284008025133
"MAGED1","ENSG00000179222",0.000276408372562049,0.71355303022541
"ENSG00000278272","ENSG00000278272",0.000278363992196047,1.50438906514303
"HMGCS1","ENSG00000112972",0.000302407571391289,0.439744515913777
"CSTB","ENSG00000160213",0.000343068514506877,-0.406124483933986
"TMEM64","ENSG00000180694",0.000343068514506877,0.864427215949444
"MDH2","ENSG00000146701",0.000359408294506616,0.474242552732405
"ZNF703","ENSG00000183779",0.000362286762386661,0.586209500644387
"CCNA2","ENSG00000145386",0.000381727147627593,1.20413771621879
"LMNA","ENSG00000160789",0.000381727147627593,0.388604006929774
"DHCR7","ENSG00000172893",0.000381727147627593,0.313835377316251
"NEDD4","ENSG00000069869",0.00039431981161958,-0.505953363557815
"HM13","ENSG00000101294",0.00042409953462366,-0.50986004070622
"MAGEF1","ENSG00000177383",0.000426243176687548,0.393283813389289
"DSP","ENSG00000096696",0.000435218812853077,0.46842289062261
"GOLGA6L9","ENSG00000197978",0.000487913372584634,-0.792455817398489
"GRHL3","ENSG00000158055",0.000502710030378069,-0.700678633115179
"OGFRL1","ENSG00000119900",0.000541945442009043,-0.582292560275306
"VPS54","ENSG00000143952",0.000541945442009043,-0.482843695283511
"H2AC21","ENSG00000184270",0.000547375301907797,0.792461834527876
"KIF23","ENSG00000137807",0.000558964917177938,0.862230410292115
"TACC3","ENSG00000013810",0.000566855909386508,1.05370760249601
"SNX17","ENSG00000115234",0.000575570269260557,0.608918186292613
"BTG1","ENSG00000133639",0.000575570269260557,-0.734124457177632
"BBC3","ENSG00000105327",0.000584317730128391,-0.399666210426388
"HSPA5","ENSG00000044574",0.000601108306606791,0.405750677780388
"IGFBP4","ENSG00000141753",0.000634008275022006,1.16793634621204
"TRIM37","ENSG00000108395",0.000638518042890637,0.351114041563671
"EFEMP1","ENSG00000115380",0.000638518042890637,-0.641331857570508
"AMZ1","ENSG00000174945",0.000638518042890637,0.913993410998167
"GINS2","ENSG00000131153",0.000638518042890637,1.30734960181203
"LMCD1","ENSG00000071282",0.000641121601378019,0.598082958699513
"INPPL1","ENSG00000165458",0.000659911389035043,-0.376274317013052
"UBE2R2","ENSG00000107341",0.000679949782046094,0.427366321435686
"HNRNPD","ENSG00000138668",0.000679949782046094,-0.408734609686048
"PRDX4","ENSG00000123131",0.00068364662334063,0.472148471849568
"FAM111B","ENSG00000189057",0.00068496312089948,1.43005799489252
"DAD1","ENSG00000129562",0.000687163507502972,-0.384704622885592
"KITLG","ENSG00000049130",0.00070084058629678,-0.400647725461319
"CHMP2A","ENSG00000130724",0.000707219776453809,-0.490589833598116
"NQO1","ENSG00000181019",0.000723843891663389,-0.347781354299932
"DENR","ENSG00000139726",0.000723843891663389,-0.335272375635219
"SUPT4H1","ENSG00000213246",0.000728279199167621,0.455402226718625
"AGR3","ENSG00000173467",0.000765590058210294,1.30030231897924
"AP1S1","ENSG00000106367",0.000771763428001249,0.395638311276489
"HPRT1","ENSG00000165704",0.000791298723148972,0.564060919033218
"FAM72C","ENSG00000263513",0.000796634079779169,1.15137810516116
"IL1R1","ENSG00000115594",0.000832539214368841,-0.857676418293035
"EMC4","ENSG00000128463",0.000841866390417116,0.609685857579579
"CENPK","ENSG00000123219",0.0008436609774178,0.811676613018743
"ZWILCH","ENSG00000174442",0.000920375557167463,0.818282504514498
"KAT2B","ENSG00000114166",0.000944509866932607,-0.538068528152247
"SFXN3","ENSG00000107819",0.000979717623319727,1.19734305678441
"SLC9A2","ENSG00000115616",0.000981666392833868,-0.448564888807566
"ZFAND3","ENSG00000156639",0.000981666392833868,-0.445423466296338
"EIF4A1","ENSG00000161960",0.000983877270302745,0.390854530642323
"NOS1AP","ENSG00000198929",0.00105104614692154,0.562251193783544
"NEDD8","ENSG00000129559",0.00119186354644728,0.353957249652328
"ANP32B","ENSG00000136938",0.0012091797950946,-0.590765685299409
"ZNF808","ENSG00000198482",0.0012560865662347,-0.626096511783621
"ST8SIA4","ENSG00000113532",0.001266376040133,-0.556178963576634
"PLXND1","ENSG00000004399",0.00132409252567705,-0.440390332207033
"DHRS4L2","ENSG00000187630",0.00132409252567705,0.482735936804321
"RAB11FIP3","ENSG00000090565",0.00134045176611656,0.723266643459425
"RERG","ENSG00000134533",0.00134356633385587,0.636126820129524
"ADRA2C","ENSG00000184160",0.00134692120741444,-0.648472527531455
"MCM10","ENSG00000065328",0.00137937936939617,1.17425380869255
"PLXNB2","ENSG00000196576",0.00140915806354649,-0.369947172598331
"MEF2D","ENSG00000116604",0.0014667374367541,-0.507513265165835
"PDHB","ENSG00000168291",0.0014667374367541,0.524012162958703
"FOXP2","ENSG00000128573",0.0014790787474979,-0.40361740121549
"CBX4","ENSG00000141582",0.00151467366629919,-0.338321692809208
"LDHA","ENSG00000134333",0.0015461062710706,0.505726342987935
"ATOSA","ENSG00000047346",0.00158658662451177,-0.359019627006184
"NRIP1","ENSG00000180530",0.0015990334614596,0.456525579418594
"RELL1","ENSG00000181826",0.0016538015782761,-0.412331816150307
"ACTB","ENSG00000075624",0.00178706491101703,-0.453023602041486
"SAP18","ENSG00000150459",0.00181201891874676,-0.407044504965075
"ACTR2","ENSG00000138071",0.00182968287537556,-0.990998634597266
"STOM","ENSG00000148175",0.00185700858283218,-0.501701276248079
"JUN","ENSG00000177606",0.00198479572022636,-0.629069848972713
"PSMA7","ENSG00000101182",0.00205299225962323,0.44222051422664
"SFPQ","ENSG00000116560",0.00216473962425347,-0.545590623412054
"TPBG","ENSG00000146242",0.00223690623450359,0.307794295308022
"HBEGF","ENSG00000113070",0.00223809639011195,-0.705613145835424
"RWDD2B","ENSG00000156253",0.00224956423229514,0.502728349975905
"WASHC5","ENSG00000164961",0.00227959632229329,-0.325331006614833
"VDAC3","ENSG00000078668",0.00228370779007202,0.486407760484778
"GUK1","ENSG00000143774",0.0023144149881252,-0.561444330902366
"THUMPD1","ENSG00000066654",0.0023707781870948,0.424219416150808
"NEK2","ENSG00000117650",0.0023707781870948,1.16831603740138
"NONO","ENSG00000147140",0.0024465968826306,-0.391456810667145
"SGCG","ENSG00000102683",0.00247837460099846,-0.467845562078485
"DDX39B","ENSG00000198563",0.0025133140110162,0.558635805987635
"CCT5","ENSG00000150753",0.00260192809961744,0.319308879199333
"STC2","ENSG00000113739",0.00261197897626215,1.18545859094038
"LAD1","ENSG00000159166",0.00264280255908436,-0.366574189447571
"ATP5PO","ENSG00000241837",0.00269972842762555,0.394257076259114
"ROGDI","ENSG00000067836",0.00299658536948462,-0.816212955273147
"SLC25A43","ENSG00000077713",0.00300598444728899,-0.58010178524545
"KICS2","ENSG00000174206",0.00300971771602275,0.855004316813338
"E2F5","ENSG00000133740",0.00304824147608312,0.606175731500947
"ZNF354A","ENSG00000169131",0.00310132164575561,-0.487809035293453
"BCL6","ENSG00000113916",0.00313284189322343,-0.529805895209175
"EIF3E","ENSG00000104408",0.00317550607854925,0.360575120876504
"MMADHC","ENSG00000168288",0.00317550607854925,0.517208169510874
"ZFP36L1","ENSG00000185650",0.00317550607854925,-0.793964313681651
"RAD51C","ENSG00000108384",0.00318619325327758,0.717478835454452
"CAB39L","ENSG00000102547",0.00318619325327758,-0.606045711215367
"PPP1R21","ENSG00000162869",0.00319058655037868,-0.531368697397336
"RPS2","ENSG00000140988",0.00319140489283108,0.417138764451196
"H4C12","ENSG00000273542",0.00323124297517433,0.69029966779797
"FLNB","ENSG00000136068",0.00326959479401914,0.265370198385819
"TUBB4B","ENSG00000188229",0.00328219826003393,0.743261887045257
"NPIPB11","ENSG00000254206",0.00338366325224352,-0.482255881130726
"ELOVL2","ENSG00000197977",0.00338575720614419,1.02543752347123
"ALS2","ENSG00000003393",0.00355845988498481,-0.482028715151854
"MPLKIP","ENSG00000168303",0.00355845988498481,-0.792658917685986
"EIF3L","ENSG00000100129",0.00357037090823376,0.442440915144454
"ATP9A","ENSG00000054793",0.00357037090823376,-0.314175230550434
"GGPS1","ENSG00000152904",0.00357037090823376,-0.579007528963248
"CANX","ENSG00000127022",0.00365361843469356,-0.373169704481026
"ENSG00000274267","ENSG00000274267",0.00377068877067609,1.4104368002983
"FCF1","ENSG00000119616",0.00379468155352813,0.496086106742312
"RPS27","ENSG00000177954",0.00380411170870596,-0.289133509370719
"MRPS16","ENSG00000182180",0.00385636755942638,0.590741945700165
"SCCPDH","ENSG00000143653",0.0039976282409458,-0.480026207450459
"CSDE1","ENSG00000009307",0.00405175305090084,-0.310872639273782
"SHTN1","ENSG00000187164",0.00414254697991295,-0.349391361644311
"TXNIP","ENSG00000265972",0.00414254697991295,0.405300144674403
"UBXN1","ENSG00000162191",0.0041480112429864,-0.351429145815677
"CENPE","ENSG00000138778",0.00415185078779196,0.982027017334153
"MYBL1","ENSG00000185697",0.00424644798707259,0.945606231534347
"XRCC5","ENSG00000079246",0.00431332296238466,0.278338989746727
"CCDC167","ENSG00000198937",0.00435434498655378,0.510954618444136
"PCSK6","ENSG00000140479",0.00442888502520539,-0.657571881754836
"ACYP1","ENSG00000119640",0.00447097277444409,0.481613448109808
"GLA","ENSG00000102393",0.00447941703958079,0.649248188823872
"MCCC2","ENSG00000131844",0.00447941703958079,0.322531192367342
"DLGAP5","ENSG00000126787",0.0045363379172418,0.989221428929527
"ARGLU1","ENSG00000134884",0.0045832735888804,-0.46484948560606
"MACROD2","ENSG00000172264",0.00472753003142997,-0.860032594481594
"RPL18A","ENSG00000105640",0.00473926571184398,0.596347803478502
"RRM2","ENSG00000171848",0.00485082303059545,0.966388183070759
"NFAT5","ENSG00000102908",0.00495475665171906,-0.338498015809183
"ULK1","ENSG00000177169",0.00510263262674625,0.460373702265393
"THSD4","ENSG00000187720",0.00519494232236047,0.787844734323605
"AKR1A1","ENSG00000117448",0.00519494232236047,0.539748973940564
"RBBP4","ENSG00000162521",0.00525237689060019,-0.390040884156514
"TIPARP","ENSG00000163659",0.00527221682860774,0.444982561310063
"PFDN6","ENSG00000204220",0.00539258496805717,-0.370287485559224
"NHP2","ENSG00000145912",0.00548053394330909,0.372105643580763
"CKMT1B","ENSG00000223572",0.00548053394330909,-0.436454572244141
"NPIPB13","ENSG00000198064",0.00548053394330909,-0.584195623259027
"INTS3","ENSG00000143624",0.00548053394330909,-0.310708182319941
"PCBD2","ENSG00000132570",0.00548053394330909,0.452387495193712
"DNAJB9","ENSG00000128590",0.00559479970407374,-0.479131880814084
"CCT7","ENSG00000135624",0.00575878774197259,0.294671386555675
"GIPC1","ENSG00000123159",0.00576524269906891,-0.307384533157898
"PPM1K","ENSG00000163644",0.00586624767486287,0.471215386109642
"UQCRFS1","ENSG00000169021",0.00588024356487614,0.581929027969437
"SLC25A6","ENSG00000169100",0.00594393739180019,-0.3284363480202
"ADCY1","ENSG00000164742",0.0061122864703181,0.86728937407361
"USP5","ENSG00000111667",0.0062614335567523,0.579529555123547
"ASF1B","ENSG00000105011",0.0062614335567523,0.607832095728128
"ALKBH5","ENSG00000091542",0.0063760723199788,0.672018109361445
"MPZL2","ENSG00000149573",0.00647254029509407,-0.363845688856343
"FN3K","ENSG00000167363",0.00647254029509407,-0.449192659759791
"FANCC","ENSG00000158169",0.00650849555679103,0.775608073127787
"NOC2L","ENSG00000188976",0.00650849555679103,0.415906718200252
"PIGP","ENSG00000185808",0.00651580412686411,-0.616322233563024
"H2BC13","ENSG00000185130",0.00652900047540808,0.790306141184982
"NAPA","ENSG00000105402",0.00677528856579106,-0.484828623295796
"P4HA1","ENSG00000122884",0.00680562313609502,0.946176297733958
"LRBA","ENSG00000198589",0.00723083912466746,-0.455579307724274
"AURKA","ENSG00000087586",0.0073224613462776,1.11532282313634
"NUDT4","ENSG00000173598",0.00742174119333388,-0.532856242772797
"ARL1","ENSG00000120805",0.00747929290987607,-0.335983958598047
"PLA2G4C","ENSG00000105499",0.00750077741244534,-0.48769334830487
"ATG5","ENSG00000057663",0.00764526295568567,-0.468609379396239
"NME1","ENSG00000239672",0.00807230339636349,0.298206255156581
"PIMREG","ENSG00000129195",0.00845420641089437,1.05529101117021
"ATOX1","ENSG00000177556",0.00845630747670556,-0.453684403443439
"MRPS34","ENSG00000074071",0.0085467819035332,-0.271967656959698
"RAB12","ENSG00000206418",0.00862686661033194,-0.447585907592493
"SYCP2","ENSG00000196074",0.00863098424444844,-0.496045836033632
"CLDN4","ENSG00000189143",0.00868291939447085,-0.279716487596973
"LCN2","ENSG00000148346",0.00876636650251881,-0.501828309932761
"VRK1","ENSG00000100749",0.00890823897185349,0.42219594504471
"NDUFS5","ENSG00000168653",0.00901717851638503,-0.382349004286832
"RAVER1","ENSG00000161847",0.00904114431889146,-0.528738427317358
"FADS1","ENSG00000149485",0.00904544989449954,0.456371525771636
"ZNF117","ENSG00000152926",0.00904544989449954,-0.688895364838479
"PPP1R15B","ENSG00000158615",0.0090803255871733,-0.336706119374502
"FEM1A","ENSG00000141965",0.0090803255871733,-0.514006333221968
"PAFAH1B3","ENSG00000079462",0.00917112151561576,0.343176116330778
"SELENOI","ENSG00000138018",0.00917112151561576,0.450545422448175
"MRPL45","ENSG00000278845",0.00917289936723959,-0.489129542589462
"RPS6KB1","ENSG00000108443",0.00917812065294505,-0.341077582271352
"FAM32A","ENSG00000105058",0.00921889506090001,-0.304478652971322
"MATR3","ENSG00000280987",0.00921889506090001,-0.359965322186456
"AOX1","ENSG00000138356",0.00921889506090001,-0.754119334507651
"TICAM1","ENSG00000127666",0.00927535650364779,-0.764761448864812
"PPP2R5A","ENSG00000066027",0.00965677299316219,0.682426836342875
"ACKR3","ENSG00000144476",0.00971776787538011,0.78494467268807
"TBC1D3B","ENSG00000274808",0.00981415045426306,-0.603915377559616
"RNF10","ENSG00000022840",0.0100456953387415,0.41958204808688
"SRGAP2C","ENSG00000171943",0.0101668767261821,0.586179833246885
"CD24","ENSG00000272398",0.0101668767261821,-0.765096814916984
"SLC12A2","ENSG00000064651",0.0102623324683761,-0.282060454035512
"P4HTM","ENSG00000178467",0.0103701542813669,0.657692105289359
"TEAD3","ENSG00000007866",0.0104137088094698,-0.346548579991524
"DARS2","ENSG00000117593",0.0106423151251489,0.58729975558279
"NBPF12","ENSG00000268043",0.0106423151251489,-0.391363378389532
"MYO6","ENSG00000196586",0.0107236528955525,-0.293213838483442
"DRAM1","ENSG00000136048",0.0107236528955525,-1.01531652736192
"NXNL2","ENSG00000130045",0.0107236528955525,1.07367271180723
"FBXO45","ENSG00000174013",0.0107236528955525,-0.50417615053139
"USP25","ENSG00000155313",0.0112361765727961,-0.444071502577167
"ENSG00000215271","ENSG00000215271",0.0112361765727961,0.734392113892374
"SAT1","ENSG00000130066",0.0112361765727961,-0.49698923692644
"SLC4A10","ENSG00000144290",0.01126028649548,1.03081538313397
"NDUFV3","ENSG00000160194",0.0113161971508934,-0.31194480332621
"POMT2","ENSG00000009830",0.0115950166288152,0.887065672230839
"HDLBP","ENSG00000115677",0.0116670788622195,-0.396053268647322
"UBL3","ENSG00000122042",0.0116670788622195,-0.393014622928623
"KRT80","ENSG00000167767",0.0116670788622195,-0.331804832323651
"ID1","ENSG00000125968",0.0116670788622195,-0.407689895585854
"MYH9","ENSG00000100345",0.0116670788622195,-0.446997071163351
"RRAGA","ENSG00000155876",0.0118466321942425,0.489289364302898
"PSME4","ENSG00000068878",0.0121482930114117,-0.439511086384038
"ASAP1","ENSG00000153317",0.0121482930114117,-0.426009935937448
"ZNF37A","ENSG00000075407",0.0121664250639096,-0.815966650758726
"ATAD2","ENSG00000156802",0.0121664250639096,0.81872434320258
"PCBP2","ENSG00000197111",0.0122348734349595,0.373599507254622
"ATP5F1B","ENSG00000110955",0.012456440518704,0.343173664782803
"RPS15A","ENSG00000134419",0.0126984274453849,0.435787397759741
"SUMF2","ENSG00000129103",0.0127163247857648,0.401020647872123
"DEPTOR","ENSG00000155792",0.0127466063242557,0.534258056603946
"ESYT2","ENSG00000117868",0.01307697844702,-0.354013285504495
"DDX3X","ENSG00000215301",0.0132159706779926,-0.281540895337957
"ST14","ENSG00000149418",0.0132159706779926,-0.336716981802019
"AFTPH","ENSG00000119844",0.0132304690169913,-0.398752106277427
"NDUFA8","ENSG00000119421",0.0132765578446695,0.385643736624083
"S1PR3","ENSG00000213694",0.013582934310479,-0.548740014680954
"HSPH1","ENSG00000120694",0.0136702969822407,-0.272061894030074
"RAN","ENSG00000132341",0.0137262340763417,0.351439191029814
"BMP7","ENSG00000101144",0.0140797907664018,-0.322880319788591
"MOB1B","ENSG00000173542",0.0141935286262568,0.598147349026619
"ITPK1","ENSG00000100605",0.0142512611113148,0.584659973623307
"KPNA2","ENSG00000182481",0.0142630655131736,0.372538415285429
"UFC1","ENSG00000143222",0.0143744177902261,0.507485588865238
"ETFA","ENSG00000140374",0.0143783708000878,0.335342633567932
"RPSA","ENSG00000168028",0.0144562324749236,0.651616920566994
"GOLPH3L","ENSG00000143457",0.0145370929590076,0.370139935222383
"DCDC2","ENSG00000146038",0.0145370929590076,0.284080551620314
"FASTKD2","ENSG00000118246",0.0145370929590076,0.47469387746852
"ZNG1B","ENSG00000136682",0.0145370929590076,-0.281297537822383
"MRPS10","ENSG00000048544",0.0148205961675703,0.352993315756133
"STN1","ENSG00000107960",0.0148580352970075,0.444346257078046
"SLC9A3-OT1","ENSG00000188242",0.014963224702427,1.04095564424624
"MED12","ENSG00000184634",0.014963224702427,-0.391902959996697
"HSPA1B","ENSG00000204388",0.0150857927568291,-0.462041882377537
"SPTBN1","ENSG00000115306",0.0150857927568291,-0.439190919574396
"SRRM2","ENSG00000167978",0.0152585751940667,-0.53556993109053
"LIMS1","ENSG00000169756",0.0152832434109214,-0.421848653716302
"TMEM87B","ENSG00000153214",0.0157537037964143,0.296871391666347
"EPB41L5","ENSG00000115109",0.0158147157815202,-0.242228678261566
"ACAT2","ENSG00000120437",0.0158417584387036,0.746809906891873
"RBM33","ENSG00000184863",0.0158626854665499,-0.344303571890322
"GORASP2","ENSG00000115806",0.0158626854665499,-0.457173645872659
"SND1","ENSG00000197157",0.015913011044016,0.323042896411809
"U2AF1","ENSG00000160201",0.0159276932410576,0.29737691417936
"MIF","ENSG00000240972",0.0160659993837798,0.56088125229083
"LDOC1","ENSG00000182195",0.0160659993837798,-0.492259625289806
"ZNF761","ENSG00000160336",0.0160659993837798,-0.390511488231071
"AURKB","ENSG00000178999",0.0162428063388821,0.966058845748181
"GDPD3","ENSG00000102886",0.0162648499801297,-0.520916811244868
"H3C12","ENSG00000197153",0.0164494190604423,0.566999208714045
"PHF19","ENSG00000119403",0.0164494190604423,0.932760510033887
"CASP7","ENSG00000165806",0.0165505389216907,0.537384621315444
"SPATC1L","ENSG00000160284",0.0167186682829129,-0.952669719723478
"ARPC5","ENSG00000162704",0.0167202991586656,-0.766735859386213
"PRDX3","ENSG00000165672",0.0169633363121729,0.320883872522123
"GSE1","ENSG00000131149",0.0170768167856712,0.451077588653748
"SLC26A2","ENSG00000155850",0.0170768167856712,1.15809216295684
"MRPL14","ENSG00000180992",0.0173889456683913,0.460177615213908
"ZNF721","ENSG00000182903",0.0173889456683913,-0.619806998816141
"GNAS","ENSG00000087460",0.0174638569734151,-0.262107603866958
"RACK1","ENSG00000204628",0.0176569209358352,0.260068663164772
"ZNF141","ENSG00000131127",0.0177579583225612,-0.373427691220956
"EPS8","ENSG00000151491",0.0177579583225612,-0.365701025341813
"HNRNPC","ENSG00000092199",0.0177579583225612,0.268231516443934
"CENPH","ENSG00000153044",0.0178297355826776,0.638011300697102
"CRABP1","ENSG00000166426",0.0181909454501747,0.716303019393908
"CCNB1IP1","ENSG00000100814",0.0185697711842382,0.65991109102454
"GNS","ENSG00000135677",0.0187129076263513,-0.304639330143784
"TBCA","ENSG00000171530",0.0190480585371435,0.436875108121143
"FAU","ENSG00000149806",0.0192521210109687,0.311718893258582
"PRRT1B","ENSG00000283526",0.0192521210109687,-0.644954705860952
"DPP7","ENSG00000176978",0.0192883375339606,-0.354707524253259
"UGT1A10","ENSG00000242515",0.019405083776857,-0.859973996465024
"SMC4","ENSG00000113810",0.0195348412324418,0.58111651342272
"EPC1","ENSG00000120616",0.0195348412324418,-0.79493540207118
"GUSB","ENSG00000169919",0.0196843723275104,-0.396586843610485
"GSTO1","ENSG00000148834",0.0196843723275104,0.441387765893683
"ISCU","ENSG00000136003",0.0197497172314345,0.357404592725455
"TENT2","ENSG00000164329",0.0198015711610124,-0.522492124401351
"RNF126","ENSG00000070423",0.0199082432958077,1.05345759479266
"PIK3CB","ENSG00000051382",0.0199082432958077,0.358671779313233
"GAB1","ENSG00000109458",0.0201264346708228,-0.690014040978922
"NPIPB3","ENSG00000169246",0.0202559766436507,0.365305206188166
"CCT4","ENSG00000115484",0.0203606462657501,0.366836011886525
"NIPSNAP2","ENSG00000146729",0.0208919132148728,-0.379121306855915
"PLEKHA5","ENSG00000052126",0.021125854842096,-0.61672923577643
"SHB","ENSG00000107338",0.021125854842096,-0.333897463416978
"PRPF38B","ENSG00000134186",0.0213192087664029,-0.428892303944189
"PALM3","ENSG00000187867",0.0214087268068465,-0.622551748236135
"DSCAM","ENSG00000171587",0.0214087268068465,0.396974884528388
"LMBRD1","ENSG00000168216",0.0215718325821216,-0.386032111845554
"PTPRG","ENSG00000144724",0.0216452513297461,0.444846896440635
"UGT1A8","ENSG00000242366",0.0216452513297461,-0.813899438233169
"ATXN2L","ENSG00000168488",0.0216452513297461,-0.280374488434932
"OIP5","ENSG00000104147",0.0219246760980494,0.962794059021867
"LLGL2","ENSG00000073350",0.0219246760980494,0.247794042362768
"IK","ENSG00000113141",0.0219246760980494,-0.25372553583444
"RPS21","ENSG00000171858",0.0219523185266851,0.319479390505446
"CREBRF","ENSG00000164463",0.0219523185266851,-0.387793740254284
"DCAF4","ENSG00000119599",0.022178123732957,-0.25574367538167
"NSMCE1","ENSG00000169189",0.0221911604996259,0.30519928382609
"CNOT8","ENSG00000155508",0.0221941415489172,0.308671841897465
"PYROXD2","ENSG00000119943",0.0222664580078257,0.648832856978444
"OS9","ENSG00000135506",0.0224240616548469,0.436025786421873
"WAC","ENSG00000095787",0.0224240616548469,-0.345611130932778
"SDHD","ENSG00000204370",0.0224912543225536,0.570315844763457
"PDE3B","ENSG00000152270",0.0225724526520187,-0.387694068048281
"SSR4","ENSG00000180879",0.0227969698510977,0.281683601345862
"SLC35C1","ENSG00000181830",0.0227969698510977,-0.561463891827451
"AHSA1","ENSG00000100591",0.0227969698510977,0.310481443819164
"TNIP1","ENSG00000145901",0.022967762101744,0.530163067599695
"LRCH3","ENSG00000186001",0.022967762101744,-0.453652032863068
"MED13L","ENSG00000123066",0.022967762101744,0.285923276010407
"SAMD4A","ENSG00000020577",0.022967762101744,-0.869669827803284
"USP34","ENSG00000115464",0.022967762101744,-0.465138910043463
"NFKBIB","ENSG00000104825",0.022967762101744,-0.564637175648475
"RBM39","ENSG00000131051",0.022967762101744,-0.244286500025888
"CCNT1","ENSG00000129315",0.0231143920820381,0.537820368254116
"ATP5F1D","ENSG00000099624",0.0231264825954591,0.602270350702247
"SLC49A4","ENSG00000138463",0.0231700257334794,-0.572752343180721
"PGM5","ENSG00000154330",0.0237585189300643,-0.578216421728064
"LAPTM4B","ENSG00000104341",0.0237585189300643,0.314970278937181
"PLLP","ENSG00000102934",0.0239105907655495,-0.821615238280081
"TIMM10","ENSG00000134809",0.0241091819752827,0.308521541752021
"TMEM120A","ENSG00000189077",0.0242822227232731,0.386762182108438
"BPHL","ENSG00000137274",0.02431146654439,0.434965710480094
"DTNA","ENSG00000134769",0.0244467821486818,-0.259831636722167
"SELENOH","ENSG00000211450",0.0244467821486818,0.465246671170359
"EEF1A2","ENSG00000101210",0.0247489716796813,-0.236579712441522
"TSC1","ENSG00000165699",0.0248169505325608,-0.345534784222859
"CDK4","ENSG00000135446",0.0251848230148461,0.274991564285686
"CDK8","ENSG00000132964",0.0254150952776462,-0.54916050262835
"RPS17","ENSG00000182774",0.0254150952776462,0.940903934580027
"UQCRC1","ENSG00000010256",0.0256442707834123,0.298491076081209
"ATP6V0C","ENSG00000185883",0.0256682074387014,-0.43039199765935
"MSMO1","ENSG00000052802",0.0256682074387014,0.281185283826908
"STMN1","ENSG00000117632",0.0256682074387014,0.585619952150285
"MAGED2","ENSG00000102316",0.0258120385468297,0.665486379862691
"NBEAL2","ENSG00000160796",0.0258120385468297,-0.432336242864058
"SLC4A2","ENSG00000164889",0.0258120385468297,0.490948311997986
"CCDC47","ENSG00000108588",0.0261002998957817,0.328529097018851
"CEMIP2","ENSG00000135048",0.0262235198581711,0.343476381098002
"CHERP","ENSG00000085872",0.0265759760458731,0.676279285624179
"ODC1","ENSG00000115758",0.0265759760458731,0.412209328364155
"SLC25A25","ENSG00000148339",0.0265759760458731,0.343044784123954
"ATF7IP","ENSG00000171681",0.0265759760458731,-0.449659347316284
"TSPAN31","ENSG00000135452",0.0265759760458731,-0.332037845471711
"HTATSF1","ENSG00000102241",0.0266577852051067,-0.319905688071805
"RAB10","ENSG00000084733",0.0267477456054553,-0.247114188971782
"CAB39","ENSG00000135932",0.0268277155752756,-0.281771139664094
"CA5B","ENSG00000169239",0.0269210961566218,-0.482225639920159
"TLE1","ENSG00000196781",0.0269369362984772,-0.491821501348782
"USP11","ENSG00000102226",0.0269858656160887,0.822001172986285
"COBLL1","ENSG00000082438",0.0271484120133253,-0.383856087989812
"RPL13A","ENSG00000142541",0.0271576692104798,0.428656469469527
"PTPN3","ENSG00000070159",0.0272338517743833,-0.33337981354231
"HNRNPH1","ENSG00000169045",0.0273639453324793,-0.219842564492919
"ERGIC1","ENSG00000113719",0.0273982634362278,-0.263209390286599
"IQGAP1","ENSG00000140575",0.0274268482116341,-0.279981750489573
"GATA6","ENSG00000141448",0.0276905329977043,-0.535105421807357
"TJAP1","ENSG00000137221",0.0276905329977043,-0.620257476354332
"TAF15","ENSG00000270647",0.0281712410355781,-0.357429839470711
"FREM2","ENSG00000150893",0.0285360416847014,0.369979632370032
"TES","ENSG00000135269",0.0286684948863824,0.575819698651321
"TACSTD2","ENSG00000184292",0.0286684948863824,-0.219215913088894
"EPB41L1","ENSG00000088367",0.0287505711848809,0.454689261496659
"ZNF331","ENSG00000130844",0.0287933663963475,-0.792850347899612
"PACS1","ENSG00000175115",0.0299864019141652,-0.419183826919149
"CTNND2","ENSG00000169862",0.0301163442148996,-0.346505629639642
"PNRC2","ENSG00000189266",0.0302280787687039,0.313480833318025
"SEC22B","ENSG00000265808",0.0304298846641705,0.225934999594309
"SYS1","ENSG00000204070",0.03067252633554,-0.365367265828369
"FTSJ3","ENSG00000108592",0.0307197248843104,-0.462737082270917
"CTSD","ENSG00000117984",0.0307783999246141,0.752542295538782
"GFM1","ENSG00000168827",0.0309186366880904,-0.384524095462691
"SPAG5","ENSG00000076382",0.0309186366880904,0.766859686901561
"AREG","ENSG00000109321",0.0311232055865232,0.669717032480419
"RBPMS","ENSG00000157110",0.0311599591622902,0.472497224475201
"STAM2","ENSG00000115145",0.0311599591622902,-0.259663927733216
"WDR83OS","ENSG00000105583",0.0317823069740015,-0.382250425367055
"GPC4","ENSG00000076716",0.0318078366289447,-0.460109773351392
"FBXO5","ENSG00000112029",0.0318988118480238,0.948746384990358
"ZNF638","ENSG00000075292",0.0320291681806995,-0.254235559712569
"PEBP1","ENSG00000089220",0.0321209963003556,-0.250426305735668
"KIAA1671","ENSG00000197077",0.0324560296893536,-0.494306684597066
"SON","ENSG00000159140",0.0324560296893536,0.271058703326537
"DOLPP1","ENSG00000167130",0.0327085765618656,0.533949441126481
"CDK5","ENSG00000164885",0.0327425209489347,0.591231967621063
"RSRC2","ENSG00000111011",0.0328667334148863,-0.362228806497003
"NHERF2","ENSG00000065054",0.0336590529943472,-0.345162639445918
"MARCHF6","ENSG00000145495",0.0338318298355951,0.629540693733203
"ANO10","ENSG00000160746",0.0341066552625739,0.522440538586122
"ABHD17C","ENSG00000136379",0.0342586569374501,-0.381312446072033
"FBXL18","ENSG00000155034",0.034399147723491,-0.490511702335414
"APOO","ENSG00000184831",0.0345294624296161,0.706249444664169
"MSRB2","ENSG00000148450",0.0345294624296161,0.237492534500519
"FOXA1","ENSG00000129514",0.0345294624296161,0.234769955733805
"KCTD10","ENSG00000110906",0.0349755613372706,-0.547214127552112
"COPS9","ENSG00000172428",0.0354031958627181,0.365163270320017
"MCFD2","ENSG00000180398",0.0354031958627181,0.33992730890248
"RPL32","ENSG00000144713",0.0354031958627181,0.470109584941414
"CCDC9","ENSG00000105321",0.0356765278197862,-0.393380955911941
"SYTL4","ENSG00000102362",0.0356765278197862,0.952009735995779
"RNF167","ENSG00000108523",0.0359094669476096,0.219180965236465
"ANKRD35","ENSG00000198483",0.0359094669476096,-0.623071442078042
"PPP2CA","ENSG00000113575",0.0360948885060764,0.458849504504925
"TMEM268","ENSG00000157693",0.036233848932279,0.514106304110042
"PLCB4","ENSG00000101333",0.0364720911540796,-0.325557853330684
"ORAI1","ENSG00000276045",0.036749701709998,-0.42434981276742
"AKR1C3","ENSG00000196139",0.0369779969679253,-0.517730646760822
"MBNL2","ENSG00000139793",0.0369779969679253,-0.364768081274205
"MAP4K4","ENSG00000071054",0.0371914019821048,-0.404253398906486
"ATP5MG","ENSG00000167283",0.0373549737150021,-0.293088399552804
"NFYC","ENSG00000066136",0.0374619950219086,-0.559620549308874
"GABARAPL2","ENSG00000034713",0.0374619950219086,-0.24211172121102
"FBXW7","ENSG00000109670",0.0374654155609985,-0.344131182059066
"INSIG2","ENSG00000125629",0.0376890507084625,-0.285987926347718
"MIPOL1","ENSG00000151338",0.0379906765497918,0.578492010343857
"ELK3","ENSG00000111145",0.0380101632381498,0.564095239168916
"BUB3","ENSG00000154473",0.0380101632381498,0.487728933594762
"PPP1R9B","ENSG00000108819",0.0380101632381498,-0.487944553381566
"TM9SF2","ENSG00000125304",0.0380498563187496,-0.403055780674311
"TOP2B","ENSG00000077097",0.0380498563187496,0.281111368693729
"AGO2","ENSG00000123908",0.0380498563187496,-0.980009220181206
"KDM1B","ENSG00000165097",0.0380498563187496,0.45054653954928
"CGN","ENSG00000143375",0.0380498563187496,-0.709128341864434
"ARL6IP5","ENSG00000144746",0.038482459578633,0.424238469552587
"STK38","ENSG00000112079",0.038482459578633,-0.446418593352802
"GTF2F2","ENSG00000188342",0.038482459578633,0.603918237392084
"TMEM161B","ENSG00000164180",0.038482459578633,-0.513742846339426
"CTNNA1","ENSG00000044115",0.0401176922143431,-0.374913396987748
"ELOVL7","ENSG00000164181",0.0401176922143431,-0.305436571344227
"GON4L","ENSG00000116580",0.0404127530470687,-0.335400609947519
"PHB1","ENSG00000167085",0.0404127530470687,-0.530761247874159
"VAC14","ENSG00000103043",0.0404940334792392,-0.269782040016439
"TSEN34","ENSG00000170892",0.0406947512208786,0.719622053688199
"ARHGAP12","ENSG00000165322",0.0407521097302512,-0.498470441062376
"COL4A5","ENSG00000188153",0.0408706274031349,-0.608883723626143
"KRT7","ENSG00000135480",0.040876049190088,-0.672791018424617
"PPP1R3C","ENSG00000119938",0.0410081228345246,-0.435364194978987
"PDPK1","ENSG00000140992",0.0410081228345246,0.524725043246442
"WDR54","ENSG00000005448",0.0411109216339001,1.01264924895296
"ANP32E","ENSG00000143401",0.041170558778375,0.294117494907513
"G6PD","ENSG00000160211",0.0412707973630825,0.20596784933726
"GPNMB","ENSG00000136235",0.0413663508706683,-0.806460610420549
"CBX1","ENSG00000108468",0.0416990317951636,0.337853880940994
"SOCS5","ENSG00000171150",0.0418683996382466,-0.440039154739597
"SGSH","ENSG00000181523",0.04210306143618,-0.601964117296522
"KDM4C","ENSG00000107077",0.0423489277020552,-0.397179074377562
"ZNF292","ENSG00000188994",0.0423983446631575,-0.333131591353919
"ISG20L2","ENSG00000143319",0.0424200283919,0.384119579342184
"NOL8","ENSG00000198000",0.0427250665276456,-0.341070187287565
"DHDDS","ENSG00000117682",0.0429459257055307,0.678629114573736
"CHTF8","ENSG00000168802",0.0435222116417277,0.67531976791705
"RNF213","ENSG00000173821",0.0436610893684776,-0.502549092613731
"SLC12A9","ENSG00000146828",0.0436753160779491,-0.938158894456477
"FPGS","ENSG00000136877",0.0439776396466657,0.328861529961568
"ABLIM1","ENSG00000099204",0.0440428342130201,-0.564696063602014
"SDC4","ENSG00000124145",0.0441247072389633,-0.304187414603078
"DOK7","ENSG00000175920",0.0441247072389633,0.602072263842145
"SRSF1","ENSG00000136450",0.0444558163684802,-0.26329172238479
"EIF5","ENSG00000100664",0.0445600019526132,-0.247867460661067
"ZNF639","ENSG00000121864",0.0447681906804528,-0.247248799500471
"SQLE","ENSG00000104549",0.044859920841938,0.290632208864822
"EIF4A2","ENSG00000156976",0.0451447425408022,0.244550888067415
"BEND6","ENSG00000151917",0.0453082057889662,-0.712474431991016
"SEC11C","ENSG00000166562",0.0453463831456218,0.510840837324309
"WIPF1","ENSG00000115935",0.0454737994216377,0.966685787031068
"NET1","ENSG00000173848",0.0454737994216377,0.339332387856443
"CDC42","ENSG00000070831",0.0455335494585548,-0.246570626992085
"ZNF417","ENSG00000173480",0.0456414806629225,-0.492219505273655
"FTH1","ENSG00000167996",0.0456841027010352,-0.244919668661846
"GSTM3","ENSG00000134202",0.0459152133630669,-0.422316344633917
"IGLL1","ENSG00000128322",0.0459152133630669,-0.8097763191466
"ATP2A3","ENSG00000074370",0.0463229625733893,-0.369144699947342
"CCDC6","ENSG00000108091",0.0464201764252562,-0.2440580465788
"POLR3E","ENSG00000058600",0.0465377187411716,0.305974650776729
"EIF3H","ENSG00000147677",0.0467821386064186,0.228777197707189
"ATXN2","ENSG00000204842",0.0471629966853619,-0.269209918292492
"CIP2A","ENSG00000163507",0.047180007791262,0.70290306424319
"ETNK1","ENSG00000139163",0.047180007791262,-0.329271272818768
"SCAF1","ENSG00000126461",0.0472920041469386,-0.310428333118073
"CKAP5","ENSG00000175216",0.0475897832635689,0.41258228672316
"KHDC4","ENSG00000132680",0.0475897832635689,0.484600835608838
"EXOC2","ENSG00000112685",0.0475897832635689,0.569006421118705
"LAPTM4A","ENSG00000068697",0.0487086507487661,0.255671865421484
"MSMB","ENSG00000263639",0.0489089773475101,0.766347185271511
"PRMT2","ENSG00000160310",0.0489424376954749,-0.354056328390823
